Gen,Resource,Stamp,TimeStamp_Start,TimeStamp_End,Duration,Indiv_id
0,1,FirstEvaluation,6610003678600,6616258861700,6255183100,-1
0,1,STEP,6616259157500,6616286630300,27472800,-1
1,1,STEP,6616287552500,6616314621700,27069200,-1
2,1,STEP,6616315781900,6616341868000,26086100,-1
3,1,STEP,6616343334100,6616364781600,21447500,-1
4,1,STEP,6616365761300,6616389065100,23303800,-1
5,1,STEP,6616390107900,6616410856300,20748400,-1
6,1,STEP,6616411857500,6616434682500,22825000,-1
7,1,STEP,6616437661300,6616458318900,20657600,-1
8,1,STEP,6616459085800,6616474629500,15543700,-1
9,1,STEP,6616475725400,6616494915600,19190200,-1
10,1,STEP,6616496264200,6616521601400,25337200,-1
11,1,STEP,6616523695800,6616543193600,19497800,-1
12,1,STEP,6616543923900,6616559721800,15797900,-1
13,1,STEP,6616560535900,6616581887800,21351900,-1
14,1,STEP,6616582851000,6616606088600,23237600,-1
15,1,STEP,6616607022600,6616628496200,21473600,-1
16,1,STEP,6616629634000,6616648014700,18380700,-1
17,1,STEP,6616648852500,6616667842800,18990300,-1
18,1,STEP,6616669149000,6616690479200,21330200,-1
19,1,STEP,6616691256900,6616710346900,19090000,-1
20,1,STEP,6616711641400,6616730586600,18945200,-1
21,1,STEP,6616731770200,6616750723400,18953200,-1
22,1,STEP,6616752135800,6616771396300,19260500,-1
23,1,STEP,6616772808400,6616791278100,18469700,-1
24,1,STEP,6616792071700,6616813252900,21181200,-1
25,1,STEP,6616814249700,6616836830900,22581200,-1
26,1,STEP,6616838100800,6616855083600,16982800,-1
27,1,STEP,6616856483600,6616873118300,16634700,-1
28,1,STEP,6616874178500,6616894205500,20027000,-1
29,1,STEP,6616895347100,6616920987300,25640200,-1
30,1,STEP,6616924763500,6616941868900,17105400,-1
31,1,STEP,6616942824400,6616963364100,20539700,-1
32,1,STEP,6616964379200,6617006176000,41796800,-1
33,1,STEP,6617007575500,6617047539000,39963500,-1
34,1,STEP,6617048513000,6617075853400,27340400,-1
35,1,STEP,6617077194700,6617097302600,20107900,-1
36,1,STEP,6617098457100,6617115024600,16567500,-1
37,1,STEP,6617116983800,6617142675800,25692000,-1
38,1,STEP,6617144186800,6617163376100,19189300,-1
39,1,STEP,6617164370500,6617181984100,17613600,-1
40,1,STEP,6617184880300,6617200999000,16118700,-1
41,1,STEP,6617202226500,6617227696800,25470300,-1
42,1,STEP,6617229011500,6617246195800,17184300,-1
43,1,STEP,6617247113600,6617264492700,17379100,-1
44,1,STEP,6617265797100,6617286278700,20481600,-1
45,1,STEP,6617287332900,6617309912000,22579100,-1
46,1,STEP,6617310933600,6617335136200,24202600,-1
47,1,STEP,6617336625500,6617357306300,20680800,-1
48,1,STEP,6617358168800,6617379068000,20899200,-1
49,1,STEP,6617380126600,6617401393700,21267100,-1
50,1,STEP,6617402494700,6617417595900,15101200,-1
51,1,STEP,6617418573900,6617440994400,22420500,-1
52,1,STEP,6617442337900,6617463233500,20895600,-1
53,1,STEP,6617464360100,6617486983700,22623600,-1
54,1,STEP,6617488276600,6617508935700,20659100,-1
55,1,STEP,6617509951600,6617528533400,18581800,-1
56,1,STEP,6617529793400,6617557263700,27470300,-1
57,1,STEP,6617558436600,6617575913700,17477100,-1
58,1,STEP,6617577132900,6617594632300,17499400,-1
59,1,STEP,6617595453300,6617617295400,21842100,-1
60,1,STEP,6617619257000,6617642043000,22786000,-1
61,1,STEP,6617643351100,6617662115200,18764100,-1
62,1,STEP,6617663272000,6617680223900,16951900,-1
63,1,STEP,6617681102800,6617699889000,18786200,-1
64,1,STEP,6617701113800,6617720690300,19576500,-1
65,1,STEP,6617722061900,6617739702100,17640200,-1
66,1,STEP,6617740588900,6617758203100,17614200,-1
67,1,STEP,6617760024700,6617784643800,24619100,-1
68,1,STEP,6617787363100,6617806658900,19295800,-1
69,1,STEP,6617807548100,6617826966800,19418700,-1
70,1,STEP,6617827844800,6617850306800,22462000,-1
71,1,STEP,6617851789000,6617877673800,25884800,-1
72,1,STEP,6617879029100,6617898766100,19737000,-1
73,1,STEP,6617900188600,6617916212100,16023500,-1
74,1,STEP,6617918032900,6617940640400,22607500,-1
75,1,STEP,6617942198900,6617966134500,23935600,-1
76,1,STEP,6617968131300,6617994017600,25886300,-1
77,1,STEP,6617995293500,6618013131800,17838300,-1
78,1,STEP,6618014660900,6618044117500,29456600,-1
79,1,STEP,6618045392900,6618069511700,24118800,-1
80,1,STEP,6618070815200,6618106449200,35634000,-1
81,1,STEP,6618107796700,6618134052300,26255600,-1
82,1,STEP,6618135321300,6618158519200,23197900,-1
83,1,STEP,6618159563900,6618192716800,33152900,-1
84,1,STEP,6618194002600,6618212565100,18562500,-1
85,1,STEP,6618213600300,6618238145700,24545400,-1
86,1,STEP,6618239356600,6618261222200,21865600,-1
87,1,STEP,6618262514800,6618291543800,29029000,-1
88,1,STEP,6618292716000,6618313163000,20447000,-1
89,1,STEP,6618314525200,6618341122600,26597400,-1
90,1,STEP,6618343294400,6618368164400,24870000,-1
91,1,STEP,6618369557300,6618396821400,27264100,-1
92,1,STEP,6618398185400,6618429139300,30953900,-1
93,1,STEP,6618432275200,6618456882400,24607200,-1
94,1,STEP,6618458305000,6618489353700,31048700,-1
95,1,STEP,6618490629900,6618526180200,35550300,-1
96,1,STEP,6618528117400,6618548477400,20360000,-1
97,1,STEP,6618549809200,6618574174600,24365400,-1
98,1,STEP,6618575418700,6618607066500,31647800,-1
99,1,STEP,6618608462500,6618630507700,22045200,-1
100,1,STEP,6618631809300,6618657959600,26150300,-1
101,1,STEP,6618659839500,6618691496400,31656900,-1
102,1,STEP,6618692891100,6618715332000,22440900,-1
103,1,STEP,6618716592600,6618743487200,26894600,-1
104,1,STEP,6618745638900,6618773639800,28000900,-1
105,1,STEP,6618774931400,6618797882700,22951300,-1
106,1,STEP,6618800680800,6618828695000,28014200,-1
107,1,STEP,6618834326200,6618863322500,28996300,-1
108,1,STEP,6618864712600,6618885523700,20811100,-1
109,1,STEP,6618887441200,6618910787300,23346100,-1
110,1,STEP,6618911793700,6618929625600,17831900,-1
111,1,STEP,6618931128400,6618957807400,26679000,-1
112,1,STEP,6618959286800,6618989482500,30195700,-1
113,1,STEP,6618990911700,6619010854000,19942300,-1
114,1,STEP,6619012176900,6619031804700,19627800,-1
115,1,STEP,6619032992400,6619051821700,18829300,-1
116,1,STEP,6619053241100,6619072602800,19361700,-1
117,1,STEP,6619073866200,6619091710100,17843900,-1
118,1,STEP,6619092865400,6619111311600,18446200,-1
119,1,STEP,6619112966900,6619135731600,22764700,-1
120,1,STEP,6619136814300,6619157660300,20846000,-1
121,1,STEP,6619158891700,6619175320700,16429000,-1
122,1,STEP,6619176335200,6619191585900,15250700,-1
123,1,STEP,6619192533700,6619212366200,19832500,-1
124,1,STEP,6619213837700,6619240565900,26728200,-1
125,1,STEP,6619242726300,6619260561900,17835600,-1
126,1,STEP,6619261702100,6619279250000,17547900,-1
127,1,STEP,6619281911700,6619302974000,21062300,-1
128,1,STEP,6619304567200,6619323482800,18915600,-1
129,1,STEP,6619325057500,6619341861300,16803800,-1
130,1,STEP,6619343092900,6619363438600,20345700,-1
131,1,STEP,6619365009900,6619388186900,23177000,-1
132,1,STEP,6619389361700,6619409777800,20416100,-1
133,1,STEP,6619411001700,6619432056000,21054300,-1
134,1,STEP,6619433360800,6619453345600,19984800,-1
135,1,STEP,6619454560500,6619477303900,22743400,-1
136,1,STEP,6619480312400,6619499614700,19302300,-1
137,1,STEP,6619501132800,6619521572800,20440000,-1
138,1,STEP,6619522840300,6619545179300,22339000,-1
139,1,STEP,6619546738800,6619571848600,25109800,-1
140,1,STEP,6619572834900,6619589231300,16396400,-1
141,1,STEP,6619590248900,6619605400900,15152000,-1
142,1,STEP,6619606587800,6619634404500,27816700,-1
143,1,STEP,6619635575000,6619655796300,20221300,-1
144,1,STEP,6619657023900,6619674624600,17600700,-1
145,1,STEP,6619675658600,6619697443700,21785100,-1
146,1,STEP,6619698692800,6619720516000,21823200,-1
147,1,STEP,6619721757000,6619738088600,16331600,-1
148,1,STEP,6619739131400,6619763026900,23895500,-1
149,1,STEP,6619764484600,6619789180400,24695800,-1
150,1,STEP,6619790578300,6619822394900,31816600,-1
151,1,STEP,6619823627400,6619848272500,24645100,-1
152,1,STEP,6619860269700,6619897539800,37270100,-1
153,1,STEP,6619898801600,6619931254200,32452600,-1
154,1,STEP,6619933443200,6619975239200,41796000,-1
155,1,STEP,6619980496000,6620037339400,56843400,-1
156,1,STEP,6620038791300,6620084890200,46098900,-1
157,1,STEP,6620086295900,6620126363500,40067600,-1
158,1,STEP,6620128449600,6620155080500,26630900,-1
159,1,STEP,6620156670800,6620192138000,35467200,-1
160,1,STEP,6620193392800,6620222469700,29076900,-1
161,1,STEP,6620223609500,6620245514700,21905200,-1
162,1,STEP,6620246949400,6620284220800,37271400,-1
163,1,STEP,6620285594200,6620309058200,23464000,-1
164,1,STEP,6620311017200,6620338602900,27585700,-1
165,1,STEP,6620340063500,6620365421400,25357900,-1
166,1,STEP,6620367543600,6620395762000,28218400,-1
167,1,STEP,6620396840100,6620419695100,22855000,-1
168,1,STEP,6620421202000,6620462534800,41332800,-1
169,1,STEP,6620464199200,6620485793100,21593900,-1
170,1,STEP,6620487173700,6620520441500,33267800,-1
171,1,STEP,6620522030400,6620552113400,30083000,-1
172,1,STEP,6620553364500,6620571884900,18520400,-1
173,1,STEP,6620572879800,6620614311400,41431600,-1
174,1,STEP,6620616773400,6620637402800,20629400,-1
175,1,STEP,6620638428600,6620659556900,21128300,-1
176,1,STEP,6620660870000,6620694803100,33933100,-1
177,1,STEP,6620696232900,6620723985300,27752400,-1
178,1,STEP,6620725143600,6620755919300,30775700,-1
179,1,STEP,6620757226500,6620785966100,28739600,-1
180,1,STEP,6620786972600,6620821836500,34863900,-1
181,1,STEP,6620823839700,6620850975000,27135300,-1
182,1,STEP,6620851995800,6620868986000,16990200,-1
183,1,STEP,6620870135600,6620888270400,18134800,-1
184,1,STEP,6620889652000,6620915875500,26223500,-1
185,1,STEP,6620918164600,6620935517800,17353200,-1
186,1,STEP,6620936757300,6620953336000,16578700,-1
187,1,STEP,6620954554400,6620973641600,19087200,-1
188,1,STEP,6620974646000,6621001095200,26449200,-1
189,1,STEP,6621002622200,6621022960300,20338100,-1
190,1,STEP,6621023990600,6621039529600,15539000,-1
191,1,STEP,6621040756200,6621057149200,16393000,-1
192,1,STEP,6621058191100,6621083669500,25478400,-1
193,1,STEP,6621084892400,6621102388500,17496100,-1
194,1,STEP,6621103362200,6621123169300,19807100,-1
195,1,STEP,6621124435600,6621145503400,21067800,-1
196,1,STEP,6621146879400,6621164580200,17700800,-1
197,1,STEP,6621166464400,6621183806900,17342500,-1
198,1,STEP,6621184994300,6621202599000,17604700,-1
199,1,STEP,6621203835100,6621224832200,20997100,-1
200,1,STEP,6621228406700,6621253214500,24807800,-1
201,1,STEP,6621254807500,6621271271000,16463500,-1
202,1,STEP,6621272346400,6621290697700,18351300,-1
203,1,STEP,6621292282700,6621315218100,22935400,-1
204,1,STEP,6621317723300,6621337227700,19504400,-1
205,1,STEP,6621338203700,6621357755000,19551300,-1
206,1,STEP,6621358881700,6621380942200,22060500,-1
207,1,STEP,6621382358500,6621404544200,22185700,-1
208,1,STEP,6621405825000,6621426168500,20343500,-1
209,1,STEP,6621427856300,6621451319000,23462700,-1
210,1,STEP,6621452883700,6621477129800,24246100,-1
211,1,STEP,6621478806800,6621498432200,19625400,-1
212,1,STEP,6621499374200,6621518277400,18903200,-1
213,1,STEP,6621519175100,6621542133100,22958000,-1
214,1,STEP,6621546388500,6621577093500,30705000,-1
215,1,STEP,6621578962300,6621595341500,16379200,-1
216,1,STEP,6621596473700,6621616602500,20128800,-1
217,1,STEP,6621618228200,6621642577000,24348800,-1
218,1,STEP,6621643939000,6621662236300,18297300,-1
219,1,STEP,6621663540400,6621684319200,20778800,-1
220,1,STEP,6621685880300,6621709065900,23185600,-1
221,1,STEP,6621711042700,6621732922600,21879900,-1
222,1,STEP,6621734096000,6621749912300,15816300,-1
223,1,STEP,6621751501700,6621772754000,21252300,-1
224,1,STEP,6621774289300,6621794865000,20575700,-1
225,1,STEP,6621796260000,6621813761500,17501500,-1
226,1,STEP,6621815652200,6621832701200,17049000,-1
227,1,STEP,6621833906200,6621852919600,19013400,-1
228,1,STEP,6621854297100,6621887209300,32912200,-1
229,1,STEP,6621888543200,6621906308800,17765600,-1
230,1,STEP,6621908078600,6621936608100,28529500,-1
231,1,STEP,6621937907300,6621964187100,26279800,-1
232,1,STEP,6621966449900,6622004668000,38218100,-1
233,1,STEP,6622006571300,6622055281200,48709900,-1
234,1,STEP,6622056577500,6622081887100,25309600,-1
235,1,STEP,6622082972600,6622115055600,32083000,-1
236,1,STEP,6622117816200,6622143027500,25211300,-1
237,1,STEP,6622144341000,6622166203800,21862800,-1
238,1,STEP,6622167591700,6622202450200,34858500,-1
239,1,STEP,6622203847900,6622230522700,26674800,-1
240,1,STEP,6622231761000,6622254661400,22900400,-1
241,1,STEP,6622256256700,6622284156900,27900200,-1
242,1,STEP,6622285432200,6622305738400,20306200,-1
243,1,STEP,6622307055300,6622332650800,25595500,-1
244,1,STEP,6622335912800,6622367474500,31561700,-1
245,1,STEP,6622369834800,6622393826600,23991800,-1
246,1,STEP,6622395252800,6622426262800,31010000,-1
247,1,STEP,6622427835800,6622453507200,25671400,-1
248,1,STEP,6622454551000,6622479964100,25413100,-1
249,1,STEP,6622482321100,6622519509300,37188200,-1
250,1,STEP,6622521648900,6622549844100,28195200,-1
251,1,STEP,6622551225800,6622578582000,27356200,-1
252,1,STEP,6622579937400,6622615661000,35723600,-1
253,1,STEP,6622616774900,6622642276400,25501500,-1
254,1,STEP,6622643630900,6622667882900,24252000,-1
255,1,STEP,6622669133800,6622694934300,25800500,-1
256,1,STEP,6622696282400,6622718364500,22082100,-1
257,1,STEP,6622719262100,6622742261900,22999800,-1
258,1,STEP,6622743841000,6622766725800,22884800,-1
259,1,STEP,6622767687700,6622783236600,15548900,-1
260,1,STEP,6622784225000,6622803361800,19136800,-1
261,1,STEP,6622804968100,6622831890600,26922500,-1
262,1,STEP,6622833953400,6622849648600,15695200,-1
263,1,STEP,6622850906000,6622869234000,18328000,-1
264,1,STEP,6622870173300,6622895452000,25278700,-1
265,1,STEP,6622898723100,6622920480400,21757300,-1
266,1,STEP,6622921756500,6622940149300,18392800,-1
267,1,STEP,6622941356100,6622960691400,19335300,-1
268,1,STEP,6622962761200,6622987658400,24897200,-1
269,1,STEP,6622989673000,6623009699200,20026200,-1
270,1,STEP,6623011032100,6623028536100,17504000,-1
271,1,STEP,6623029448900,6623049042400,19593500,-1
272,1,STEP,6623050516600,6623074712600,24196000,-1
273,1,STEP,6623076042400,6623093519500,17477100,-1
274,1,STEP,6623094830300,6623114904900,20074600,-1
275,1,STEP,6623115988100,6623136005300,20017200,-1
276,1,STEP,6623137251700,6623159148500,21896800,-1
277,1,STEP,6623160311000,6623179528900,19217900,-1
278,1,STEP,6623180554000,6623201645300,21091300,-1
279,1,STEP,6623202979500,6623224307100,21327600,-1
280,1,STEP,6623225780900,6623243730500,17949600,-1
281,1,STEP,6623245295200,6623263658300,18363100,-1
282,1,STEP,6623264685800,6623282925000,18239200,-1
283,1,STEP,6623284181300,6623303052800,18871500,-1
284,1,STEP,6623304150200,6623327231900,23081700,-1
285,1,STEP,6623328233700,6623344153500,15919800,-1
286,1,STEP,6623345279200,6623364579900,19300700,-1
287,1,STEP,6623366004400,6623386585900,20581500,-1
288,1,STEP,6623387811700,6623406808200,18996500,-1
289,1,STEP,6623408138300,6623427972400,19834100,-1
290,1,STEP,6623429270500,6623445185600,15915100,-1
291,1,STEP,6623446447700,6623466594900,20147200,-1
292,1,STEP,6623467774800,6623487659100,19884300,-1
293,1,STEP,6623489309400,6623508109200,18799800,-1
294,1,STEP,6623509433200,6623536438400,27005200,-1
295,1,STEP,6623542241500,6623561199000,18957500,-1
296,1,STEP,6623563467500,6623580791800,17324300,-1
297,1,STEP,6623581787900,6623600357500,18569600,-1
298,1,STEP,6623601702100,6623625372600,23670500,-1
299,1,STEP,6623627206600,6623651245900,24039300,-1
300,1,STEP,6623652232800,6623671284100,19051300,-1
301,1,STEP,6623672954500,6623692204900,19250400,-1
302,1,STEP,6623693792800,6623714049300,20256500,-1
303,1,STEP,6623715828200,6623735797900,19969700,-1
304,1,STEP,6623737086900,6623766098700,29011800,-1
305,1,STEP,6623767458600,6623791437400,23978800,-1
306,1,STEP,6623792969200,6623819826000,26856800,-1
307,1,STEP,6623821982200,6623851095900,29113700,-1
308,1,STEP,6623854645900,6623884217700,29571800,-1
309,1,STEP,6623885624800,6623908945500,23320700,-1
310,1,STEP,6623911571000,6623938723100,27152100,-1
311,1,STEP,6623940361700,6623968144300,27782600,-1
312,1,STEP,6623969399300,6623993037600,23638300,-1
313,1,STEP,6623994465600,6624023271500,28805900,-1
314,1,STEP,6624024762900,6624053049800,28286900,-1
315,1,STEP,6624054418500,6624079636000,25217500,-1
316,1,STEP,6624081215300,6624106477100,25261800,-1
317,1,STEP,6624107833300,6624143322500,35489200,-1
318,1,STEP,6624144809100,6624180725400,35916300,-1
319,1,STEP,6624182543600,6624220940100,38396500,-1
320,1,STEP,6624222346100,6624251996900,29650800,-1
321,1,STEP,6624256007700,6624284848500,28840800,-1
322,1,STEP,6624288712000,6624313488700,24776700,-1
323,1,STEP,6624314777700,6624344148600,29370900,-1
324,1,STEP,6624345715600,6624378682500,32966900,-1
325,1,STEP,6624380441200,6624404350400,23909200,-1
326,1,STEP,6624405752900,6624437922700,32169800,-1
327,1,STEP,6624440269100,6624472393900,32124800,-1
328,1,STEP,6624474506300,6624503674900,29168600,-1
329,1,STEP,6624505508400,6624533616300,28107900,-1
330,1,STEP,6624534716700,6624565200700,30484000,-1
331,1,STEP,6624566782200,6624597197300,30415100,-1
332,1,STEP,6624598386800,6624626045300,27658500,-1
333,1,STEP,6624627499600,6624650836800,23337200,-1
334,1,STEP,6624652288900,6624678000200,25711300,-1
335,1,STEP,6624679065800,6624696441700,17375900,-1
336,1,STEP,6624698026700,6624715321700,17295000,-1
337,1,STEP,6624716465900,6624737087000,20621100,-1
338,1,STEP,6624739565100,6624761511700,21946600,-1
339,1,STEP,6624763048600,6624783011300,19962700,-1
340,1,STEP,6624783918300,6624803697000,19778700,-1
341,1,STEP,6624805695300,6624834934900,29239600,-1
342,1,STEP,6624837939700,6624857828100,19888400,-1
343,1,STEP,6624859206400,6624878180700,18974300,-1
344,1,STEP,6624879429600,6624903564000,24134400,-1
345,1,STEP,6624905161700,6624927784700,22623000,-1
346,1,STEP,6624929087100,6624945292500,16205400,-1
347,1,STEP,6624946574100,6624967636500,21062400,-1
348,1,STEP,6624969126000,6624997056400,27930400,-1
349,1,STEP,6625000227100,6625029319200,29092100,-1
350,1,STEP,6625031403800,6625055430300,24026500,-1
351,1,STEP,6625056891600,6625112872100,55980500,-1
352,1,STEP,6625114154600,6625136836300,22681700,-1
353,1,STEP,6625138265200,6625161959600,23694400,-1
354,1,STEP,6625163393000,6625189935700,26542700,-1
355,1,STEP,6625193050500,6625212589300,19538800,-1
356,1,STEP,6625213895700,6625239873400,25977700,-1
357,1,STEP,6625241344400,6625262682700,21338300,-1
358,1,STEP,6625263917700,6625293132200,29214500,-1
359,1,STEP,6625295229100,6625321686100,26457000,-1
360,1,STEP,6625323031700,6625341067500,18035800,-1
361,1,STEP,6625342656200,6625364092800,21436600,-1
362,1,STEP,6625366721900,6625389434500,22712600,-1
363,1,STEP,6625390971200,6625413322200,22351000,-1
364,1,STEP,6625414391700,6625435014300,20622600,-1
365,1,STEP,6625436694600,6625458791200,22096600,-1
366,1,STEP,6625460322300,6625481800900,21478600,-1
367,1,STEP,6625483093700,6625503895000,20801300,-1
368,1,STEP,6625505338200,6625524084800,18746600,-1
369,1,STEP,6625526723200,6625547179600,20456400,-1
370,1,STEP,6625548471000,6625568358000,19887000,-1
371,1,STEP,6625569790100,6625587602100,17812000,-1
372,1,STEP,6625588774900,6625610615300,21840400,-1
373,1,STEP,6625611797600,6625636930400,25132800,-1
374,1,STEP,6625638365300,6625655885700,17520400,-1
375,1,STEP,6625657091600,6625678276400,21184800,-1
376,1,STEP,6625679288000,6625705690100,26402100,-1
377,1,STEP,6625707433600,6625728541500,21107900,-1
378,1,STEP,6625729854300,6625748200100,18345800,-1
379,1,STEP,6625749242300,6625770791700,21549400,-1
380,1,STEP,6625781592700,6625808494900,26902200,-1
381,1,STEP,6625809950600,6625832611100,22660500,-1
382,1,STEP,6625833796200,6625857075900,23279700,-1
383,1,STEP,6625858827600,6625885924200,27096600,-1
384,1,STEP,6625887370200,6625909855200,22485000,-1
385,1,STEP,6625911264900,6625933891500,22626600,-1
386,1,STEP,6625935315200,6625965093700,29778500,-1
387,1,STEP,6625966491300,6625993574400,27083100,-1
388,1,STEP,6625994929100,6626022053700,27124600,-1
389,1,STEP,6626023990500,6626056455900,32465400,-1
390,1,STEP,6626057570900,6626078990600,21419700,-1
391,1,STEP,6626080365500,6626118630800,38265300,-1
392,1,STEP,6626120080300,6626145632100,25551800,-1
393,1,STEP,6626147244600,6626176083200,28838600,-1
394,1,STEP,6626177841900,6626204942700,27100800,-1
395,1,STEP,6626206555300,6626236519200,29963900,-1
396,1,STEP,6626237952300,6626269124200,31171900,-1
397,1,STEP,6626271797900,6626298811600,27013700,-1
398,1,STEP,6626300363100,6626337798500,37435400,-1
399,1,STEP,6626339139400,6626370956600,31817200,-1
400,1,STEP,6626372573000,6626396210100,23637100,-1
401,1,STEP,6626398404500,6626423539900,25135400,-1
402,1,STEP,6626432374700,6626464427100,32052400,-1
403,1,STEP,6626465907100,6626505304500,39397400,-1
404,1,STEP,6626506782600,6626544204800,37422200,-1
405,1,STEP,6626545878500,6626600419900,54541400,-1
406,1,STEP,6626601827900,6626645122500,43294600,-1
407,1,STEP,6626646557400,6626692294000,45736600,-1
408,1,STEP,6626694237100,6626727686000,33448900,-1
409,1,STEP,6626729130500,6626777841100,48710600,-1
410,1,STEP,6626779473700,6626807991800,28518100,-1
411,1,STEP,6626809838200,6626836854700,27016500,-1
412,1,STEP,6626838351300,6626864359300,26008000,-1
413,1,STEP,6626865770500,6626906522900,40752400,-1
414,1,STEP,6626908177700,6626931127800,22950100,-1
415,1,STEP,6626934159300,6626959849400,25690100,-1
416,1,STEP,6626961004100,6626987121400,26117300,-1
417,1,STEP,6626995864500,6627041572200,45707700,-1
418,1,STEP,6627042968800,6627076762200,33793400,-1
419,1,STEP,6627078204900,6627112666000,34461100,-1
420,1,STEP,6627114092000,6627144291700,30199700,-1
421,1,STEP,6627147496000,6627178983700,31487700,-1
422,1,STEP,6627180435400,6627215316600,34881200,-1
423,1,STEP,6627216759100,6627243404600,26645500,-1
424,1,STEP,6627244998400,6627274178400,29180000,-1
425,1,STEP,6627275388200,6627300763100,25374900,-1
426,1,STEP,6627302633600,6627335330000,32696400,-1
427,1,STEP,6627336734100,6627359875900,23141800,-1
428,1,STEP,6627363934300,6627410424100,46489800,-1
429,1,STEP,6627411813800,6627438657800,26844000,-1
430,1,STEP,6627440553100,6627467855400,27302300,-1
431,1,STEP,6627469246900,6627510552200,41305300,-1
432,1,STEP,6627513430600,6627547723500,34292900,-1
433,1,STEP,6627549288800,6627574798000,25509200,-1
434,1,STEP,6627576346400,6627597022100,20675700,-1
435,1,STEP,6627600169300,6627619956700,19787400,-1
436,1,STEP,6627621454000,6627653927000,32473000,-1
437,1,STEP,6627655076300,6627680015300,24939000,-1
438,1,STEP,6627681387900,6627722730300,41342400,-1
439,1,STEP,6627724170900,6627760025800,35854900,-1
440,1,STEP,6627761346200,6627788503200,27157000,-1
441,1,STEP,6627790005500,6627823276900,33271400,-1
442,1,STEP,6627825197000,6627850928600,25731600,-1
443,1,STEP,6627852294000,6627894865900,42571900,-1
444,1,STEP,6627896451400,6627940406600,43955200,-1
445,1,STEP,6627941877300,6627982970600,41093300,-1
446,1,STEP,6627986696400,6628014064900,27368500,-1
447,1,STEP,6628015510100,6628048188700,32678600,-1
448,1,STEP,6628049704600,6628074316300,24611700,-1
449,1,STEP,6628075991700,6628119591100,43599400,-1
450,1,STEP,6628120997400,6628168178500,47181100,-1
451,1,STEP,6628169630400,6628208972800,39342400,-1
452,1,STEP,6628211033700,6628246610900,35577200,-1
453,1,STEP,6628254557700,6628297070300,42512600,-1
454,1,STEP,6628298705800,6628328719400,30013600,-1
455,1,STEP,6628336031900,6628378797700,42765800,-1
456,1,STEP,6628383403200,6628423038800,39635600,-1
457,1,STEP,6628424988100,6628476142300,51154200,-1
458,1,STEP,6628477505600,6628519432000,41926400,-1
459,1,STEP,6628529464200,6628582195400,52731200,-1
460,1,STEP,6628583493300,6628635750300,52257000,-1
461,1,STEP,6628637103100,6628685560500,48457400,-1
462,1,STEP,6628687146700,6628726333800,39187100,-1
463,1,STEP,6628727711500,6628769678400,41966900,-1
464,1,STEP,6628773529400,6628796665800,23136400,-1
465,1,STEP,6628798574000,6628827780400,29206400,-1
466,1,STEP,6628829743900,6628860489200,30745300,-1
467,1,STEP,6628862035200,6628884739500,22704300,-1
468,1,STEP,6628886198500,6628922505900,36307400,-1
469,1,STEP,6628923974600,6628951635800,27661200,-1
470,1,STEP,6628953157000,6628974422800,21265800,-1
471,1,STEP,6628976448100,6629013608900,37160800,-1
472,1,STEP,6629017907000,6629046075700,28168700,-1
473,1,STEP,6629047583900,6629078684900,31101000,-1
474,1,STEP,6629080118000,6629100457000,20339000,-1
475,1,STEP,6629103293700,6629129097000,25803300,-1
476,1,STEP,6629130549800,6629160237000,29687200,-1
477,1,STEP,6629161760500,6629187573000,25812500,-1
478,1,STEP,6629188989300,6629210273100,21283800,-1
479,1,STEP,6629213736500,6629249344800,35608300,-1
480,1,STEP,6629250745900,6629273224500,22478600,-1
481,1,STEP,6629274594000,6629299949800,25355800,-1
482,1,STEP,6629301409600,6629335596500,34186900,-1
483,1,STEP,6629336981900,6629367443800,30461900,-1
484,1,STEP,6629369022900,6629401528700,32505800,-1
485,1,STEP,6629403112000,6629423325200,20213200,-1
486,1,STEP,6629424312900,6629447041500,22728600,-1
487,1,STEP,6629448768200,6629474944300,26176100,-1
488,1,STEP,6629476355800,6629505343000,28987200,-1
489,1,STEP,6629506670200,6629523822200,17152000,-1
490,1,STEP,6629524884900,6629547916300,23031400,-1
491,1,STEP,6629549418500,6629569259100,19840600,-1
492,1,STEP,6629571744100,6629590168600,18424500,-1
493,1,STEP,6629591186300,6629607625000,16438700,-1
494,1,STEP,6629608670800,6629634708100,26037300,-1
495,1,STEP,6629637477400,6629661457100,23979700,-1
496,1,STEP,6629663611700,6629681873900,18262200,-1
497,1,STEP,6629683204000,6629707042800,23838800,-1
498,1,STEP,6629708575900,6629731569900,22994000,-1
499,1,STEP,6629732970800,6629754756000,21785200,-1
500,1,STEP,6629755811400,6629783167400,27356000,-1
501,1,STEP,6629784617200,6629808424300,23807100,-1
502,1,STEP,6629809533400,6629831237400,21704000,-1
503,1,STEP,6629832441900,6629851204300,18762400,-1
504,1,STEP,6629852880800,6629881483800,28603000,-1
505,1,STEP,6629882743800,6629904045200,21301400,-1
506,1,STEP,6629905371700,6629923355700,17984000,-1
507,1,STEP,6629924258400,6629948079600,23821200,-1
508,1,STEP,6629950354400,6629976410500,26056100,-1
509,1,STEP,6629980143400,6630003868600,23725200,-1
510,1,STEP,6630004953200,6630032370400,27417200,-1
511,1,STEP,6630033973700,6630064482400,30508700,-1
512,1,STEP,6630065851800,6630087479800,21628000,-1
513,1,STEP,6630088848300,6630117615100,28766800,-1
514,1,STEP,6630120613500,6630141642800,21029300,-1
515,1,STEP,6630143018000,6630173715100,30697100,-1
516,1,STEP,6630175189400,6630205498600,30309200,-1
517,1,STEP,6630206997000,6630234793900,27796900,-1
518,1,STEP,6630236470900,6630268992700,32521800,-1
519,1,STEP,6630275177300,6630308716600,33539300,-1
520,1,STEP,6630312811700,6630342387100,29575400,-1
521,1,STEP,6630343758200,6630381443600,37685400,-1
522,1,STEP,6630382783700,6630408064200,25280500,-1
523,1,STEP,6630410196700,6630436629600,26432900,-1
524,1,STEP,6630438071200,6630464378700,26307500,-1
525,1,STEP,6630466251100,6630504464600,38213500,-1
526,1,STEP,6630505916000,6630537556200,31640200,-1
527,1,STEP,6630538963800,6630560907200,21943400,-1
528,1,STEP,6630562413700,6630590514400,28100700,-1
529,1,STEP,6630591874400,6630618433600,26559200,-1
530,1,STEP,6630619771900,6630645371000,25599100,-1
531,1,STEP,6630647102900,6630685803400,38700500,-1
532,1,STEP,6630687177300,6630724512100,37334800,-1
533,1,STEP,6630728626800,6630759577300,30950500,-1
534,1,STEP,6630762927600,6630793319500,30391900,-1
535,1,STEP,6630794780300,6630832424900,37644600,-1
536,1,STEP,6630834096900,6630860577700,26480800,-1
537,1,STEP,6630862051700,6630886446500,24394800,-1
538,1,STEP,6630887784300,6630937134000,49349700,-1
539,1,STEP,6630938769400,6630962002300,23232900,-1
540,1,STEP,6630963432100,6631007958600,44526500,-1
541,1,STEP,6631012375900,6631044299000,31923100,-1
542,1,STEP,6631045976200,6631084639600,38663400,-1
543,1,STEP,6631089997500,6631128986200,38988700,-1
544,1,STEP,6631130589700,6631160171000,29581300,-1
545,1,STEP,6631161606700,6631203544700,41938000,-1
546,1,STEP,6631205006700,6631243141100,38134400,-1
547,1,STEP,6631245100700,6631276329400,31228700,-1
548,1,STEP,6631278322400,6631328249100,49926700,-1
549,1,STEP,6631329689400,6631356801600,27112200,-1
550,1,STEP,6631358331900,6631389289700,30957800,-1
551,1,STEP,6631390623200,6631425292400,34669200,-1
552,1,STEP,6631428836100,6631461403400,32567300,-1
553,1,STEP,6631463663200,6631495718400,32055200,-1
554,1,STEP,6631497540800,6631529971600,32430800,-1
555,1,STEP,6631531399900,6631565927100,34527200,-1
556,1,STEP,6631567754600,6631597690000,29935400,-1
557,1,STEP,6631599195300,6631639785600,40590300,-1
558,1,STEP,6631643590400,6631670712600,27122200,-1
559,1,STEP,6631672124500,6631708973200,36848700,-1
560,1,STEP,6631710393100,6631746556400,36163300,-1
561,1,STEP,6631748069300,6631773429600,25360300,-1
562,1,STEP,6631778167800,6631803848400,25680600,-1
563,1,STEP,6631805209300,6631833433600,28224300,-1
564,1,STEP,6631834971800,6631867150400,32178600,-1
565,1,STEP,6631868631500,6631892460300,23828800,-1
566,1,STEP,6631894223600,6631917651200,23427600,-1
567,1,STEP,6631918932100,6631945511800,26579700,-1
568,1,STEP,6631949221400,6631974531900,25310500,-1
569,1,STEP,6631975972800,6631999696100,23723300,-1
570,1,STEP,6632001309100,6632031224000,29914900,-1
571,1,STEP,6632033428000,6632062435500,29007500,-1
572,1,STEP,6632066085900,6632089137300,23051400,-1
573,1,STEP,6632090653400,6632118567100,27913700,-1
574,1,STEP,6632124857400,6632151024900,26167500,-1
575,1,STEP,6632152335600,6632177650200,25314600,-1
576,1,STEP,6632181794200,6632204846800,23052600,-1
577,1,STEP,6632206284100,6632232837600,26553500,-1
578,1,STEP,6632234346000,6632270081600,35735600,-1
579,1,STEP,6632271953900,6632300098100,28144200,-1
580,1,STEP,6632302778800,6632326050900,23272100,-1
581,1,STEP,6632328589500,6632366568700,37979200,-1
582,1,STEP,6632367951800,6632390659600,22707800,-1
583,1,STEP,6632393406300,6632416434700,23028400,-1
584,1,STEP,6632418204600,6632447184000,28979400,-1
585,1,STEP,6632448594700,6632469563300,20968600,-1
586,1,STEP,6632470714100,6632499257200,28543100,-1
587,1,STEP,6632500704400,6632526816000,26111600,-1
588,1,STEP,6632528188900,6632550107600,21918700,-1
589,1,STEP,6632552025600,6632575822200,23796600,-1
590,1,STEP,6632577561900,6632602545900,24984000,-1
591,1,STEP,6632603761200,6632625850200,22089000,-1
592,1,STEP,6632627193000,6632649202900,22009900,-1
593,1,STEP,6632650769300,6632687807100,37037800,-1
594,1,STEP,6632690299800,6632711091600,20791800,-1
595,1,STEP,6632712630600,6632741614400,28983800,-1
596,1,STEP,6632744177200,6632772360200,28183000,-1
597,1,STEP,6632773838300,6632797010400,23172100,-1
598,1,STEP,6632798556900,6632829392400,30835500,-1
599,1,STEP,6632831364800,6632857354100,25989300,-1
600,1,STEP,6632858845300,6632881584800,22739500,-1
601,1,STEP,6632883137400,6632909129800,25992400,-1
602,1,STEP,6632912081700,6632935211500,23129800,-1
603,1,STEP,6632936512800,6632958429400,21916600,-1
604,1,STEP,6632959879800,6632998184300,38304500,-1
605,1,STEP,6632999435600,6633024103500,24667900,-1
606,1,STEP,6633025420400,6633045080500,19660100,-1
607,1,STEP,6633046788000,6633092143700,45355700,-1
608,1,STEP,6633093326100,6633123203200,29877100,-1
609,1,STEP,6633125896700,6633158626800,32730100,-1
610,1,STEP,6633160034500,6633192047600,32013100,-1
611,1,STEP,6633193581200,6633225040000,31458800,-1
612,1,STEP,6633226713000,6633253824200,27111200,-1
613,1,STEP,6633255402700,6633281714600,26311900,-1
614,1,STEP,6633283077800,6633310487000,27409200,-1
615,1,STEP,6633311897500,6633335453900,23556400,-1
616,1,STEP,6633336876900,6633360301100,23424200,-1
617,1,STEP,6633361728300,6633398625600,36897300,-1
618,1,STEP,6633400466400,6633427742000,27275600,-1
619,1,STEP,6633429080600,6633453331300,24250700,-1
620,1,STEP,6633457624000,6633484955900,27331900,-1
621,1,STEP,6633486137000,6633514311400,28174400,-1
622,1,STEP,6633516151000,6633548436700,32285700,-1
623,1,STEP,6633550017200,6633578756400,28739200,-1
624,1,STEP,6633580195600,6633627940800,47745200,-1
625,1,STEP,6633629376200,6633664364300,34988100,-1
626,1,STEP,6633666193100,6633717264800,51071700,-1
627,1,STEP,6633720939800,6633751827300,30887500,-1
628,1,STEP,6633753275800,6633795642300,42366500,-1
629,1,STEP,6633797083800,6633829962700,32878900,-1
630,1,STEP,6633831365000,6633877601800,46236800,-1
631,1,STEP,6633879267800,6633917413100,38145300,-1
632,1,STEP,6633918809300,6633959439800,40630500,-1
633,1,STEP,6633961217700,6633995388300,34170600,-1
634,1,STEP,6633998199700,6634048017800,49818100,-1
635,1,STEP,6634049423200,6634074089800,24666600,-1
636,1,STEP,6634076287400,6634106854100,30566700,-1
637,1,STEP,6634108288300,6634144945800,36657500,-1
638,1,STEP,6634146517000,6634164774800,18257800,-1
639,1,STEP,6634166027500,6634190016700,23989200,-1
640,1,STEP,6634191665700,6634212735600,21069900,-1
641,1,STEP,6634213914600,6634232700800,18786200,-1
642,1,STEP,6634235748000,6634267906300,32158300,-1
643,1,STEP,6634269505600,6634301227200,31721600,-1
644,1,STEP,6634302406400,6634326068100,23661700,-1
645,1,STEP,6634327328600,6634348179200,20850600,-1
646,1,STEP,6634350421100,6634369140000,18718900,-1
647,1,STEP,6634370543600,6634390808200,20264600,-1
648,1,STEP,6634392400000,6634417759400,25359400,-1
649,1,STEP,6634421640500,6634443957200,22316700,-1
650,1,STEP,6634444955600,6634463447800,18492200,-1
651,1,STEP,6634464663800,6634481689800,17026000,-1
652,1,STEP,6634482707600,6634509684400,26976800,-1
653,1,STEP,6634512068400,6634538862300,26793900,-1
654,1,STEP,6634540221500,6634559715800,19494300,-1
655,1,STEP,6634561377600,6634581799400,20421800,-1
656,1,STEP,6634582976200,6634608421500,25445300,-1
657,1,STEP,6634609654100,6634629847400,20193300,-1
658,1,STEP,6634630833000,6634648637000,17804000,-1
659,1,STEP,6634649902200,6634674494000,24591800,-1
660,1,STEP,6634676301000,6634694772900,18471900,-1
661,1,STEP,6634695910900,6634715318900,19408000,-1
662,1,STEP,6634716363600,6634735046600,18683000,-1
663,1,STEP,6634736566300,6634760641000,24074700,-1
664,1,STEP,6634761951200,6634782435300,20484100,-1
665,1,STEP,6634783510000,6634800829900,17319900,-1
666,1,STEP,6634802132200,6634826416500,24284300,-1
667,1,STEP,6634827955700,6634848019400,20063700,-1
668,1,STEP,6634849098500,6634868610000,19511500,-1
669,1,STEP,6634870046200,6634889386200,19340000,-1
670,1,STEP,6634891101000,6634913603200,22502200,-1
671,1,STEP,6634914786300,6634937811400,23025100,-1
672,1,STEP,6634939071800,6634955375700,16303900,-1
673,1,STEP,6634956773400,6634981398800,24625400,-1
674,1,STEP,6634983179700,6635000843800,17664100,-1
675,1,STEP,6635002022000,6635020043900,18021900,-1
676,1,STEP,6635021432000,6635040837400,19405400,-1
677,1,STEP,6635042215600,6635064585500,22369900,-1
678,1,STEP,6635065904000,6635086386000,20482000,-1
679,1,STEP,6635088458500,6635106946500,18488000,-1
680,1,STEP,6635107982000,6635125424500,17442500,-1
681,1,STEP,6635126989300,6635148237800,21248500,-1
682,1,STEP,6635149927800,6635173193200,23265400,-1
683,1,STEP,6635174564600,6635196060200,21495600,-1
684,1,STEP,6635197598700,6635232081800,34483100,-1
685,1,STEP,6635233196500,6635262216100,29019600,-1
686,1,STEP,6635263378000,6635283668300,20290300,-1
687,1,STEP,6635287309200,6635316503200,29194000,-1
688,1,STEP,6635318648000,6635345056700,26408700,-1
689,1,STEP,6635346520600,6635366951700,20431100,-1
690,1,STEP,6635369561500,6635398661900,29100400,-1
691,1,STEP,6635399960900,6635421579500,21618600,-1
692,1,STEP,6635422963500,6635456454600,33491100,-1
693,1,STEP,6635458034700,6635490681300,32646600,-1
694,1,STEP,6635492626900,6635514248700,21621800,-1
695,1,STEP,6635515444200,6635543393300,27949100,-1
696,1,STEP,6635546030300,6635574332300,28302000,-1
697,1,STEP,6635576128800,6635600529600,24400800,-1
698,1,STEP,6635609418600,6635641388600,31970000,-1
699,1,STEP,6635643007800,6635671940900,28933100,-1
700,1,STEP,6635673254800,6635697383500,24128700,-1
701,1,STEP,6635698854300,6635725902100,27047800,-1
702,1,STEP,6635727985300,6635749232300,21247000,-1
703,1,STEP,6635751720100,6635788492600,36772500,-1
704,1,STEP,6635790365900,6635810115500,19749600,-1
705,1,STEP,6635811484100,6635833687100,22203000,-1
706,1,STEP,6635835108300,6635861171500,26063200,-1
707,1,STEP,6635867965900,6635901692400,33726500,-1
708,1,STEP,6635903443600,6635927209800,23766200,-1
709,1,STEP,6635929291900,6635954066200,24774300,-1
710,1,STEP,6635955704700,6635982472500,26767800,-1
711,1,STEP,6635986773300,6636021272100,34498800,-1
712,1,STEP,6636024724500,6636054536000,29811500,-1
713,1,STEP,6636056029300,6636084914300,28885000,-1
714,1,STEP,6636086936700,6636115997900,29061200,-1
715,1,STEP,6636117598700,6636145740000,28141300,-1
716,1,STEP,6636146957500,6636164776300,17818800,-1
717,1,STEP,6636166018000,6636199598300,33580300,-1
718,1,STEP,6636201159000,6636225751800,24592800,-1
719,1,STEP,6636227103300,6636246947100,19843800,-1
720,1,STEP,6636248312900,6636276159400,27846500,-1
721,1,STEP,6636279628400,6636304648400,25020000,-1
722,1,STEP,6636305691600,6636321590000,15898400,-1
723,1,STEP,6636323262100,6636344009100,20747000,-1
724,1,STEP,6636345392200,6636363241300,17849100,-1
725,1,STEP,6636364499500,6636387709500,23210000,-1
726,1,STEP,6636389023800,6636409005100,19981300,-1
727,1,STEP,6636410240200,6636436065100,25824900,-1
728,1,STEP,6636439947300,6636455626500,15679200,-1
729,1,STEP,6636456920100,6636477946200,21026100,-1
730,1,STEP,6636479476900,6636510165300,30688400,-1
731,1,STEP,6636511616300,6636531506000,19889700,-1
732,1,STEP,6636532951300,6636552166800,19215500,-1
733,1,STEP,6636553422400,6636570414500,16992100,-1
734,1,STEP,6636571875400,6636602554300,30678900,-1
735,1,STEP,6636603868200,6636621115700,17247500,-1
736,1,STEP,6636622852600,6636639548100,16695500,-1
737,1,STEP,6636640644100,6636660691900,20047800,-1
738,1,STEP,6636662064900,6636684366000,22301100,-1
739,1,STEP,6636685808300,6636703028600,17220300,-1
740,1,STEP,6636704653500,6636741302500,36649000,-1
741,1,STEP,6636742828100,6636775806000,32977900,-1
742,1,STEP,6636777192000,6636795706200,18514200,-1
743,1,STEP,6636796879500,6636821213800,24334300,-1
744,1,STEP,6636827221000,6636852360000,25139000,-1
745,1,STEP,6636853638800,6636870208600,16569800,-1
746,1,STEP,6636871506000,6636893297500,21791500,-1
747,1,STEP,6636894909400,6636923166700,28257300,-1
748,1,STEP,6636925845400,6636947521100,21675700,-1
749,1,STEP,6636950241100,6636968683900,18442800,-1
750,1,STEP,6636969964700,6637003112800,33148100,-1
751,1,STEP,6637004665900,6637029607000,24941100,-1
752,1,STEP,6637030950000,6637047092900,16142900,-1
753,1,STEP,6637048615300,6637068492500,19877200,-1
754,1,STEP,6637071625400,6637091904100,20278700,-1
755,1,STEP,6637093259300,6637114280100,21020800,-1
756,1,STEP,6637115806000,6637138314700,22508700,-1
757,1,STEP,6637139685100,6637161208300,21523200,-1
758,1,STEP,6637162231100,6637182209600,19978500,-1
759,1,STEP,6637183587900,6637219785100,36197200,-1
760,1,STEP,6637221259800,6637255445400,34185600,-1
761,1,STEP,6637257078600,6637279994100,22915500,-1
762,1,STEP,6637281348800,6637327379500,46030700,-1
763,1,STEP,6637328939400,6637358484800,29545400,-1
764,1,STEP,6637359594800,6637391386600,31791800,-1
765,1,STEP,6637392860900,6637413804800,20943900,-1
766,1,STEP,6637415223100,6637441468300,26245200,-1
767,1,STEP,6637442970600,6637481145300,38174700,-1
768,1,STEP,6637482681600,6637517850300,35168700,-1
769,1,STEP,6637519207200,6637555068500,35861300,-1
770,1,STEP,6637556513900,6637578610800,22096900,-1
771,1,STEP,6637579823400,6637601938500,22115100,-1
772,1,STEP,6637603497400,6637631281100,27783700,-1
773,1,STEP,6637636416800,6637664896900,28480100,-1
774,1,STEP,6637669091000,6637702179100,33088100,-1
775,1,STEP,6637703559600,6637735413100,31853500,-1
776,1,STEP,6637736866800,6637760472400,23605600,-1
777,1,STEP,6637762379300,6637804927900,42548600,-1
778,1,STEP,6637806385500,6637828492100,22106600,-1
779,1,STEP,6637832141300,6637864576000,32434700,-1
780,1,STEP,6637866487200,6637897345700,30858500,-1
781,1,STEP,6637898815400,6637926254600,27439200,-1
782,1,STEP,6637928671900,6637967219900,38548000,-1
783,1,STEP,6637968690200,6637995751000,27060800,-1
784,1,STEP,6638000169500,6638032250100,32080600,-1
785,1,STEP,6638035669200,6638057257300,21588100,-1
786,1,STEP,6638058676200,6638088005000,29328800,-1
787,1,STEP,6638091453100,6638126232100,34779000,-1
788,1,STEP,6638127278100,6638144532000,17253900,-1
789,1,STEP,6638145628500,6638165973500,20345000,-1
790,1,STEP,6638168441200,6638193668600,25227400,-1
791,1,STEP,6638195098600,6638213995400,18896800,-1
792,1,STEP,6638215168900,6638233423800,18254900,-1
793,1,STEP,6638234614600,6638252830900,18216300,-1
794,1,STEP,6638254424600,6638281720500,27295900,-1
795,1,STEP,6638284694500,6638306995800,22301300,-1
796,1,STEP,6638308064000,6638327074500,19010500,-1
797,1,STEP,6638328295200,6638350745000,22449800,-1
798,1,STEP,6638352234100,6638374645800,22411700,-1
799,1,STEP,6638376001200,6638397597300,21596100,-1
800,1,STEP,6638398907100,6638419514800,20607700,-1
801,1,STEP,6638422719500,6638442849000,20129500,-1
802,1,STEP,6638444106300,6638460856900,16750600,-1
803,1,STEP,6638461886000,6638483614600,21728600,-1
804,1,STEP,6638484818000,6638509276800,24458800,-1
805,1,STEP,6638510477700,6638535500300,25022600,-1
806,1,STEP,6638536600100,6638553196600,16596500,-1
807,1,STEP,6638554235400,6638577145400,22910000,-1
808,1,STEP,6638582177400,6638606177800,24000400,-1
809,1,STEP,6638607234800,6638627019000,19784200,-1
810,1,STEP,6638628741500,6638647848800,19107300,-1
811,1,STEP,6638649329500,6638674613900,25284400,-1
812,1,STEP,6638675740900,6638691799000,16058100,-1
813,1,STEP,6638692723500,6638710336700,17613200,-1
814,1,STEP,6638711674600,6638731569000,19894400,-1
815,1,STEP,6638732845700,6638755142700,22297000,-1
816,1,STEP,6638756151200,6638774465000,18313800,-1
817,1,STEP,6638775807600,6638793967600,18160000,-1
818,1,STEP,6638795064500,6638814474300,19409800,-1
819,1,STEP,6638815967100,6638838851900,22884800,-1
820,1,STEP,6638840214900,6638858235300,18020400,-1
821,1,STEP,6638859157600,6638878375100,19217500,-1
822,1,STEP,6638879829900,6638905830800,26000900,-1
823,1,STEP,6638907049000,6638932282900,25233900,-1
824,1,STEP,6638933477100,6638952992400,19515300,-1
825,1,STEP,6638954039300,6638971603400,17564100,-1
826,1,STEP,6638973235300,6639000299500,27064200,-1
827,1,STEP,6639001402300,6639020492200,19089900,-1
828,1,STEP,6639021514300,6639038637300,17123000,-1
829,1,STEP,6639039607100,6639057025100,17418000,-1
830,1,STEP,6639058279000,6639081070300,22791300,-1
831,1,STEP,6639082470400,6639100581100,18110700,-1
832,1,STEP,6639101953600,6639122903300,20949700,-1
833,1,STEP,6639124258700,6639147829100,23570400,-1
834,1,STEP,6639151111600,6639169206700,18095100,-1
835,1,STEP,6639170560800,6639190752000,20191200,-1
836,1,STEP,6639192191500,6639218778800,26587300,-1
837,1,STEP,6639220431600,6639246620400,26188800,-1
838,1,STEP,6639248429900,6639272068900,23639000,-1
839,1,STEP,6639273200900,6639292376600,19175700,-1
840,1,STEP,6639295738900,6639329099400,33360500,-1
841,1,STEP,6639330665100,6639354693300,24028200,-1
842,1,STEP,6639356031700,6639386348600,30316900,-1
843,1,STEP,6639387786200,6639412589100,24802900,-1
844,1,STEP,6639413968900,6639437223500,23254600,-1
845,1,STEP,6639438597800,6639462375100,23777300,-1
846,1,STEP,6639463695000,6639495476700,31781700,-1
847,1,STEP,6639497029400,6639522914400,25885000,-1
848,1,STEP,6639525307600,6639558197300,32889700,-1
849,1,STEP,6639559522500,6639583566500,24044000,-1
850,1,STEP,6639586362400,6639609674500,23312100,-1
851,1,STEP,6639611162000,6639639304500,28142500,-1
852,1,STEP,6639641583700,6639664448800,22865100,-1
853,1,STEP,6639665799200,6639694949800,29150600,-1
854,1,STEP,6639696942000,6639731380700,34438700,-1
855,1,STEP,6639733945000,6639762888200,28943200,-1
856,1,STEP,6639766546300,6639797755200,31208900,-1
857,1,STEP,6639799113800,6639823606400,24492600,-1
858,1,STEP,6639824791100,6639858804700,34013600,-1
859,1,STEP,6639861137400,6639892239400,31102000,-1
860,1,STEP,6639894502800,6639916843200,22340400,-1
861,1,STEP,6639919450900,6639952918300,33467400,-1
862,1,STEP,6639954372200,6639979704100,25331900,-1
863,1,STEP,6639981024700,6640008517200,27492500,-1
864,1,STEP,6640011569900,6640036774500,25204600,-1
865,1,STEP,6640038259200,6640059183300,20924100,-1
866,1,STEP,6640062037000,6640081460200,19423200,-1
867,1,STEP,6640082550000,6640101984500,19434500,-1
868,1,STEP,6640103433000,6640125933900,22500900,-1
869,1,STEP,6640127509800,6640148136800,20627000,-1
870,1,STEP,6640149240000,6640165399900,16159900,-1
871,1,STEP,6640167097200,6640187831900,20734700,-1
872,1,STEP,6640189096100,6640208565200,19469100,-1
873,1,STEP,6640209903100,6640230671200,20768100,-1
874,1,STEP,6640231866200,6640254044400,22178200,-1
875,1,STEP,6640255232400,6640279545400,24313000,-1
876,1,STEP,6640280770300,6640299517000,18746700,-1
877,1,STEP,6640300564800,6640318860400,18295600,-1
878,1,STEP,6640319970000,6640346639900,26669900,-1
879,1,STEP,6640349466100,6640382923800,33457700,-1
880,1,STEP,6640384207700,6640412875200,28667500,-1
881,1,STEP,6640414341100,6640438408800,24067700,-1
882,1,STEP,6640440067500,6640463804200,23736700,-1
883,1,STEP,6640465337600,6640486781500,21443900,-1
884,1,STEP,6640489930800,6640512136900,22206100,-1
885,1,STEP,6640513644600,6640538704400,25059800,-1
886,1,STEP,6640539619300,6640558667400,19048100,-1
887,1,STEP,6640560114700,6640586576800,26462100,-1
888,1,STEP,6640588071800,6640609146600,21074800,-1
889,1,STEP,6640610705300,6640634117300,23412000,-1
890,1,STEP,6640635272200,6640661721700,26449500,-1
891,1,STEP,6640664406000,6640696002500,31596500,-1
892,1,STEP,6640697305500,6640718382100,21076600,-1
893,1,STEP,6640719281300,6640748281800,29000500,-1
894,1,STEP,6640750616000,6640779694500,29078500,-1
895,1,STEP,6640780962600,6640807079200,26116600,-1
896,1,STEP,6640809272200,6640836091500,26819300,-1
897,1,STEP,6640837359700,6640864700800,27341100,-1
898,1,STEP,6640866097400,6640886959400,20862000,-1
899,1,STEP,6640888019800,6640912992800,24973000,-1
900,1,STEP,6640914931000,6640938172800,23241800,-1
901,1,STEP,6640939397800,6640958925000,19527200,-1
902,1,STEP,6640960283200,6640985517500,25234300,-1
903,1,STEP,6640987928200,6641014683500,26755300,-1
904,1,STEP,6641016143700,6641035506400,19362700,-1
905,1,STEP,6641036615900,6641056235500,19619600,-1
906,1,STEP,6641057525200,6641088418300,30893100,-1
907,1,STEP,6641090312500,6641109801500,19489000,-1
908,1,STEP,6641111120800,6641130675900,19555100,-1
909,1,STEP,6641132099000,6641157057600,24958600,-1
910,1,STEP,6641158446600,6641178600900,20154300,-1
911,1,STEP,6641179850600,6641203772400,23921800,-1
912,1,STEP,6641204836800,6641232553900,27717100,-1
913,1,STEP,6641233934500,6641259685300,25750800,-1
914,1,STEP,6641261010200,6641291434800,30424600,-1
915,1,STEP,6641292974200,6641328062300,35088100,-1
916,1,STEP,6641329371100,6641355855400,26484300,-1
917,1,STEP,6641357165300,6641392432400,35267100,-1
918,1,STEP,6641393835600,6641422426100,28590500,-1
919,1,STEP,6641423585900,6641445237600,21651700,-1
920,1,STEP,6641446799000,6641481957700,35158700,-1
921,1,STEP,6641483524800,6641511888700,28363900,-1
922,1,STEP,6641513195500,6641544934900,31739400,-1
923,1,STEP,6641546517500,6641580901600,34384100,-1
924,1,STEP,6641582203500,6641623250600,41047100,-1
925,1,STEP,6641629950400,6641659984300,30033900,-1
926,1,STEP,6641661332300,6641700919900,39587600,-1
927,1,STEP,6641702432000,6641732493700,30061700,-1
928,1,STEP,6641733799500,6641754773500,20974000,-1
929,1,STEP,6641756047400,6641800782300,44734900,-1
930,1,STEP,6641802218700,6641831533600,29314900,-1
931,1,STEP,6641832884100,6641858832400,25948300,-1
932,1,STEP,6641860178100,6641895298800,35120700,-1
933,1,STEP,6641896640000,6641920927400,24287400,-1
934,1,STEP,6641922196800,6641951250000,29053200,-1
935,1,STEP,6641952528300,6641980863400,28335100,-1
936,1,STEP,6641982264200,6642026585400,44321200,-1
937,1,STEP,6642027989200,6642058659500,30670300,-1
938,1,STEP,6642060082100,6642083621000,23538900,-1
939,1,STEP,6642084886900,6642118770300,33883400,-1
940,1,STEP,6642120237800,6642142488300,22250500,-1
941,1,STEP,6642143806300,6642166624800,22818500,-1
942,1,STEP,6642167948900,6642189469900,21521000,-1
943,1,STEP,6642192388500,6642221307200,28918700,-1
944,1,STEP,6642222208000,6642240055200,17847200,-1
945,1,STEP,6642241246800,6642265147400,23900600,-1
946,1,STEP,6642266707700,6642293166000,26458300,-1
947,1,STEP,6642294318900,6642315848200,21529300,-1
948,1,STEP,6642317102800,6642335570400,18467600,-1
949,1,STEP,6642336747100,6642372740500,35993400,-1
950,1,STEP,6642374147100,6642395358500,21211400,-1
951,1,STEP,6642396379600,6642416938600,20559000,-1
952,1,STEP,6642419049800,6642445345100,26295300,-1
953,1,STEP,6642446661000,6642461730800,15069800,-1
954,1,STEP,6642463878500,6642484275000,20396500,-1
955,1,STEP,6642486544700,6642511965200,25420500,-1
956,1,STEP,6642514278400,6642536722000,22443600,-1
957,1,STEP,6642537926400,6642556037100,18110700,-1
958,1,STEP,6642557110400,6642578308200,21197800,-1
959,1,STEP,6642579507400,6642599762100,20254700,-1
960,1,STEP,6642600763100,6642618402000,17638900,-1
961,1,STEP,6642619442100,6642644070500,24628400,-1
962,1,STEP,6642645632700,6642666969800,21337100,-1
963,1,STEP,6642668246900,6642691625000,23378100,-1
964,1,STEP,6642692915800,6642713732300,20816500,-1
965,1,STEP,6642714962800,6642736759400,21796600,-1
966,1,STEP,6642737898200,6642761766100,23867900,-1
967,1,STEP,6642763303700,6642781453800,18150100,-1
968,1,STEP,6642782396800,6642800345900,17949100,-1
969,1,STEP,6642801584000,6642821262300,19678300,-1
970,1,STEP,6642824125700,6642846399000,22273300,-1
971,1,STEP,6642847785700,6642868095500,20309800,-1
972,1,STEP,6642869357300,6642890557900,21200600,-1
973,1,STEP,6642892025400,6642915624900,23599500,-1
974,1,STEP,6642916890100,6642933915700,17025600,-1
975,1,STEP,6642934801900,6642953206100,18404200,-1
976,1,STEP,6642954232500,6642987519600,33287100,-1
977,1,STEP,6642989045100,6643013178900,24133800,-1
978,1,STEP,6643014424300,6643033271700,18847400,-1
979,1,STEP,6643034275700,6643055397000,21121300,-1
980,1,STEP,6643056955400,6643081668700,24713300,-1
981,1,STEP,6643083177100,6643111191900,28014800,-1
982,1,STEP,6643112452800,6643132410000,19957200,-1
983,1,STEP,6643133707400,6643163252700,29545300,-1
984,1,STEP,6643164278000,6643181949600,17671600,-1
985,1,STEP,6643182969900,6643202293800,19323900,-1
986,1,STEP,6643203487100,6643231381800,27894700,-1
987,1,STEP,6643232813500,6643267353300,34539800,-1
988,1,STEP,6643268400000,6643301554200,33154200,-1
989,1,STEP,6643302910700,6643327849100,24938400,-1
990,1,STEP,6643328995700,6643358100900,29105200,-1
991,1,STEP,6643359561700,6643385486400,25924700,-1
992,1,STEP,6643388044100,6643423897400,35853300,-1
993,1,STEP,6643425225000,6643455340400,30115400,-1
994,1,STEP,6643456818500,6643491875200,35056700,-1
995,1,STEP,6643493241900,6643515146600,21904700,-1
996,1,STEP,6643516469500,6643545132300,28662800,-1
997,1,STEP,6643546572900,6643578836700,32263800,-1
998,1,STEP,6643579913800,6643602258900,22345100,-1
999,1,STEP,6643603919300,6643644157500,40238200,-1
